{
  "Month 1": {
    "installment": 16666.67,
    "insurance": 30000,
    "interest": 10000,
    "principal": 200000,
    "processingFee": 10000,
    "totalDue": 66666.67
  },
  "Month 10": {
    "installment": 16666.67,
    "insurance": 7500,
    "interest": 2500,
    "principal": 49999.97,
    "totalDue": 26666.67
  },
  "Month 11": {
    "installment": 16666.67,
    "insurance": 5000,
    "interest": 1666.67,
    "principal": 33333.3,
    "totalDue": 23333.339999999997
  },
  "Month 12": {
    "installment": 16666.67,
    "insurance": 2499.99,
    "interest": 833.33,
    "principal": 16666.63,
    "totalDue": 19999.989999999998
  },
  "Month 2": {
    "installment": 16666.67,
    "insurance": 27500,
    "interest": 9166.67,
    "principal": 183333.33,
    "totalDue": 53333.34
  },
  "Month 3": {
    "installment": 16666.67,
    "insurance": 25000,
    "interest": 8333.33,
    "principal": 166666.66,
    "totalDue": 50000
  },
  "Month 4": {
    "installment": 16666.67,
    "insurance": 22500,
    "interest": 7500,
    "principal": 149999.99,
    "totalDue": 46666.67
  },
  "Month 5": {
    "installment": 16666.67,
    "insurance": 20000,
    "interest": 6666.67,
    "principal": 133333.32,
    "totalDue": 43333.34
  },
  "Month 6": {
    "installment": 16666.67,
    "insurance": 17500,
    "interest": 5833.33,
    "principal": 116666.65,
    "totalDue": 40000
  },
  "Month 7": {
    "installment": 16666.67,
    "insurance": 15000,
    "interest": 5000,
    "principal": 99999.98,
    "totalDue": 36666.67
  },
  "Month 8": {
    "installment": 16666.67,
    "insurance": 12500,
    "interest": 4166.67,
    "principal": 83333.31,
    "totalDue": 33333.34
  },
  "Month 9": {
    "installment": 16666.67,
    "insurance": 10000,
    "interest": 3333.33,
    "principal": 66666.64,
    "totalDue": 30000
  }
}